,0
seg_up_len,587199.0274531841
p_over_upwv,522337.53602170944
unit,242831.53312945366
pl_Tokke_ratio,176428.95872282982
rank_m_need_up,143870.96378350258
up2_wv7rel,143260.14323163033
p_over_upwv_daymax,124570.93181824684
up2_p_over_wv,84644.55100893974
wv7rel_Vinjevatn,70178.62648034096
up_drain_hours,66298.59477519989
dn_wv7,57691.67700147629
pl_Tokke_seg,46508.67476940155
up2_infl_rel,46176.624294519424
u_gidx,43159.526468753815
up_hours_to_full,41741.58862042427
dn_room_hours,38222.9741692543
u_ngen,37544.82250165939
pl_Tokke_frac,36752.876494169235
wv7_Vinjevatn,33740.4306409359
up_infl_t,32334.852947950363
pl_Vinje_ratio,30883.620285749435
u_pmin,30473.03212237358
up2_hours_to_full,29830.57293534279
up2_seg_len,29199.767414331436
up_infl,25717.251016378403
up_wv7,23866.47416996956
u_pmax,23610.007963180542
up_infl_rel,23059.39759707451
rank_need_up,22464.825055599213
p_over_wvdiff,20510.415230035782
up_fill_feed_t,20329.12088084221
wv7_Hyljelihyl,19966.691240549088
wv7rel_Hyljelihyl,18610.178743124008
dn_fill_t,17534.08880496025
price_ratio,16848.874754428864
up2_frac_up_100,16213.278992891312
wv7rel_Venemo,15998.721353054047
infl_tot_t,14932.951466560364
dn_fill_feed_t,13829.761798620224
wvdiff7,13762.817779779434
t,13225.126024484634
price_roll9_z,13128.081449270248
up2_fill_t,12736.634749650955
seg_df_len,12474.505132198334
frac_up_080,12041.865588903427
up2_wv7_m_up,11896.231720209122
up_vfrac0,11480.095799207687
p_std,11001.689535140991
up_fill_t,10860.005608320236
dn_wv0,10636.168370246887
infl_Totak,10182.0811150074
price_roll5_z,9888.943016529083
dn_vfrac0,9456.037253141403
frac_up_090,9422.100123405457
price_fwd24_z,9217.332016944885
price_roll25_z,9197.932861328125
infl_Venemo,8720.912524938583
frac_up_100,8694.635234594345
price_daymean_z,8542.280810832977
p_cv,8144.934112787247
seg_up_pos,7714.903085708618
up2_vfrac0,7603.892564296722
feed_q_rel,7518.337143659592
wv7_Venemo,7367.736342668533
wv7_Bitdalsvatn,7144.968174934387
p_m_wvdiff,7112.253298282623
wv0rel_Hyljelihyl,7093.057837486267
frac_up_125,6985.8218195438385
doy_cos,6968.3091785907745
seg_up_rem,6878.7970724105835
pl_Songa_ratio,6747.406713962555
infl_Vaamarvatn,6531.255066156387
u_startcost,6473.343394994736
price_roll3_z,6461.337752819061
seg_df_rem,6442.682916402817
infl_Kjelavatn,6203.125754833221
seg_df_pos,6197.942487478256
pmean_m_wv,6138.968770265579
wv0rel_Byrtevatn,6108.273819684982
infl_total,6084.306720495224
price_daymax_z,5981.290810108185
wv_trend,5936.678263664246
infl_Bandak,5921.36040520668
wv7rel_Langeidvatn,5891.7850704193115
up_wv0,5869.1798775196075
frac_up_110,5868.251621246338
p_m_wvdiff_z,5831.697580337524
vfrac0_Totak,5629.858598470688
wvdiff0,5420.579578876495
price_m_daymean,5391.456472635269
vfrac0_Byrtevatn,5380.308520317078
p_over_upwv0,5300.981546878815
price,5292.723716497421
infl_Staavatn,5286.034187555313
wv7rel_Langesae,5239.728899478912
price_bwd24_z,5208.549772262573
doy_sin,5174.176790475845
vfrac0_Vaamarvatn,5141.256665468216
price_daymin_z,5118.161331653595
wv0rel_Bandak,5056.708245277405
wv7_Songavatn,4991.467362165451
price_rank_w,4885.404262542725
price_z,4798.3530876636505
vfrac0_Venemo,4787.062125205994
pl_Vinje_frac,4724.424191951752
day,4644.786535024643
wv0rel_Botnedalsvatn,4532.5979771614075
wv0rel_Staavatn,4517.513758182526
wv7rel_Staavatn,4476.881716012955
wv7rel_Byrtevatn,4451.236202478409
vfrac0_Foersvatn,4432.296901702881
wv7_Langeidvatn,4359.929064273834
infl_Langesae,4324.158177852631
wv7rel_Bitdalsvatn,4225.236770629883
vfrac0_Vinjevatn,4185.75679731369
wv0rel_Bitdalsvatn,4104.88724899292
vfrac0_Staavatn,4023.8066341876984
pl_Vinje_seg,4007.114362478256
wv7_Staavatn,3964.9593505859375
pl_Lio_ratio,3933.626650571823
infl_Bordalsvatn,3932.3018345832825
p_q10,3932.0710270404816
vfrac0_Kjelavatn,3928.019314289093
price_rank_d,3923.964971780777
vfrac0_Bandak,3900.141300678253
wv0rel_Langesae,3803.090852022171
p_max,3746.847801923752
infl_Foersvatn,3743.5781683921814
wv7rel_Botnedalsvatn,3676.795117378235
vfrac0_Botnedalsvatn,3586.7063884735107
vfrac0_Bitdalsvatn,3577.347663640976
wv7_Langesae,3565.9257407188416
p_q90,3527.2721071243286
vfrac0_Bordalsvatn,3495.166459083557
wv7_Botnedalsvatn,3453.381071805954
wv0rel_Langeidvatn,3438.397157430649
wv7rel_Bandak,3433.1960031986237
vfrac0_Songavatn,3314.144356250763
pl_Haukeli_ratio,3313.8619027137756
p_min,3231.2521708011627
wv0rel_Vinjevatn,3184.2349886894226
wv0rel_Venemo,3103.1898198127747
vfrac0_Langesae,3083.2199482917786
wv7rel_Totak,3070.2322614192963
wv7_Byrtevatn,3009.492107152939
pl_Songa_seg,2949.1129693984985
pl_Kjela_seg,2947.743166446686
infl_Bitdalsvatn,2945.2455081939697
wv7_Bandak,2757.0548515319824
wv0rel_Vatjern,2756.910102367401
pl_Hogga_ratio,2735.7857224941254
dow,2588.9437522888184
vfrac0_Langeidvatn,2588.642902612686
wv7_Vatjern,2583.9235532283783
minflow_r_Vest_Vassdraget,2492.6679623126984
frac_p_gt_wv,2475.4700598716736
rank_m_need,2368.307916879654
pl_VesleKjela_ratio,2298.5617151260376
pl_Byrte_seg,2252.2608671188354
p_q75,2226.078437805176
wv7rel_Vaamarvatn,2188.3591918945312
infl_Vinjevatn,2186.2678525447845
wv7_Bordalsvatn,2133.494529247284
wv0rel_Kjelavatn,2085.584983110428
infl_Vatjern,2073.765733242035
infl_Songavatn,2047.6469230651855
price_prev_z,2028.6440978050232
pl_Hogga_seg,1997.5119953155518
p_mean,1986.5973908901215
minvol_Totak,1941.6619515419006
wv7_Kjelavatn,1904.738777399063
pl_Byrte_ratio,1843.5812666416168
p_q25,1828.986876964569
price_next_z,1782.3681585788727
dow0,1774.8232069015503
pl_Byrte_frac,1758.2664923667908
wv7rel_Bordalsvatn,1753.1816983222961
wv7rel_Vatjern,1747.452260017395
p_q50,1743.0382859706879
pl_Kjela_ratio,1734.6574783325195
wv0rel_Bordalsvatn,1720.558385848999
wv7_Totak,1643.531554222107
infl_Hyljelihyl,1506.2258789539337
wv0rel_Totak,1500.6025400161743
pl_Lio_seg,1458.9187741279602
pl_Songa_frac,1435.6164214611053
pl_Haukeli_seg,1435.3972091674805
pl_Kjela_frac,1430.8172891139984
wv7rel_Songavatn,1401.0188286304474
infl_Langeidvatn,1395.0341079235077
pl_VesleKjela_seg,1386.177638053894
wv0rel_Songavatn,1373.957929134369
hod,1360.984341621399
pl_Hogga_frac,1349.552307844162
pl_VesleKjela_frac,1303.6485857963562
wv7rel_Kjelavatn,1257.197078704834
pl_Lio_frac,1246.2133078575134
wv7_Vaamarvatn,1235.427517414093
wv0rel_Foersvatn,1152.967714548111
pl_Haukeli_frac,974.8044676780701
month,904.540783405304
wv7rel_Foersvatn,853.1187899112701
wv0rel_Vaamarvatn,810.198516368866
infl_Botnedalsvatn,745.3006694316864
wv7_Foersvatn,491.9280803203583
infl_r_Vest_Vassdraget,453.3197557926178
minflow_b_Kjelavatn,447.71021604537964
minflow_b_Hyljelihyl,313.5577085018158
minflow_b_Vinjevatn,251.45709133148193
minflow_b_Bandak,218.44743728637695
infl_Byrtevatn,159.3763885498047
minvol_Staavatn,144.07681155204773
minflow_b_Byrtevatn,40.01901054382324
minvol_Byrtevatn,9.412400245666504
vfrac0_Hyljelihyl,0.0
vfrac0_Vatjern,0.0
